driverId,driverRef,code,driver_name,nationality
750,brudes,\N,Adolf Brudes,German
698,cruz,\N,Adolfo Cruz,Argentine
16,sutil,SUT,Adrian Sutil,German
167,campos,\N,Adrián Campos,Spanish
88,suzuki,\N,Aguri Suzuki,Japanese
538,herman,\N,Al Herman,American
558,keller,\N,Al Keller,American
371,pease,\N,Al Pease,Canadian
117,prost,\N,Alain Prost,French
550,Changy,\N,Alain de Changy,Belgian
689,alan_brown,\N,Alan Brown,British
178,jones,\N,Alan Jones,Australian
390,rees,\N,Alan Rees,British
421,rollinson,\N,Alan Rollinson,British
502,stacey,\N,Alan Stacey,British
719,scherrer,\N,Albert Scherrer,Swiss
647,ascari,\N,Alberto Ascari,Italian
244,colombo,\N,Alberto Colombo,Italian
761,crespo,\N,Alberto Crespo,Argentine
497,larreta,\N,Alberto Rodriguez Larreta,Argentine
623,uria,\N,Alberto Uria,Uruguayan
775,gordini,\N,Aldo Gordini,French
145,nannini,\N,Alessandro Nannini,Italian
284,pesenti_rossi,\N,Alessandro Pesenti-Rossi,Italian
70,zanardi,\N,Alessandro Zanardi,Italian
573,tomaso,\N,Alessandro de Tomaso,Argentine-Italian
417,blignaut,\N,Alex Blignaut,South African
133,caffi,\N,Alex Caffi,Italian
237,ribeiro,\N,Alex Ribeiro,Brazilian
339,roig,\N,Alex Soler-Roig,Spanish
62,yoong,\N,Alex Yoong,Malaysian
848,albon,ALB,Alexander Albon,Thai
834,rossi,RSS,Alexander Rossi,American
25,wurz,WUR,Alexander Wurz,Austrian
491,thiele,\N,Alfonso Thiele,American-Italian
606,portago,\N,Alfonso de Portago,Spanish
792,pian,\N,Alfredo Pián,Argentine
66,mcnish,\N,Allan McNish,British
180,berg,\N,Allen Berg,Canadian
130,chiesa,\N,Andrea Chiesa,Swiss
85,montermini,\N,Andrea Montermini,Italian
333,adamich,\N,Andrea de Adamich,Italian
110,cesaris,\N,Andrea de Cesaris,Italian
603,guelfi,\N,André Guelfi,French
827,lotterer,LOT,André Lotterer,German
639,milhoux,\N,André Milhoux,Belgian
429,andre_pilette,\N,André Pilette,Belgian
609,simon,\N,André Simon,French
553,testut,\N,André Testut,Monegasque
612,linden,\N,Andy Linden,American
264,sutcliffe,\N,Andy Sutcliffe,British
19,davidson,DAV,Anthony Davidson,British
531,foyt,\N,Anthony Foyt,American
504,creus,\N,Antonio Creus,Spanish
841,giovinazzi,GIO,Antonio Giovinazzi,Italian
42,pizzonia,PIZ,Antônio Pizzonia,Brazilian
637,scott_Brown,\N,Archie Scott Brown,British
599,bisch,\N,Art Bisch,American
656,cross,\N,Art Cross,American
703,legat,\N,Arthur Legat,Belgian
546,owen,\N,Arthur Owen,British
232,merzario,\N,Arturo Merzario,Italian
102,senna,\N,Ayrton Senna,Brazilian
568,fontes,\N,Azdrubal Fontes,Uruguayan
369,rooyen,\N,Basil van Rooyen,South African
798,levrett,\N,Bayliss Levrett,American
457,pon,\N,Ben Pon,Dutch
213,gabbiani,\N,Beppe Gabbiani,Italian
428,collomb,\N,Bernard Collomb,French
261,dryver,\N,Bernard de Dryver,Belgian
146,schneider,\N,Bernd Schneider,German
587,ecclestone,\N,Bernie Ecclestone,British
318,roos,\N,Bertil Roos,Swedish
92,gachot,\N,Bertrand Gachot,Belgian
749,aston,\N,Bill Aston,British
343,brack,\N,Bill Brack,Canadian
803,cantrell,\N,Bill Cantrell,American
560,cheesbourg,\N,Bill Cheesbourg,American
701,holland,\N,Bill Holland,American
519,homeier,\N,Bill Homeier,American
769,mackey,\N,Bill Mackey,American
570,bill_moss,\N,Bill Moss,British
729,schindler,\N,Bill Schindler,American
657,vukovich,\N,Bill Vukovich,American
684,whitehouse,\N,Bill Whitehouse,British
595,garrett,\N,Billy Garrett,American
383,anderson,\N,Bob Anderson,British
396,bondurant,\N,Bob Bondurant,American
516,christie,\N,Bob Christie,American
548,drake,\N,Bob Drake,American
276,evans,\N,Bob Evans,British
619,gerard,\N,Bob Gerard,British
575,said,\N,Bob Said,American
702,bob_scott,\N,Bob Scott,American
628,sweikert,\N,Bob Sweikert,American
514,veith,\N,Bob Veith,American
734,ball,\N,Bobby Ball,American
522,grim,\N,Bobby Grim,American
249,rahal,\N,Bobby Rahal,American
381,unser,\N,Bobby Unser,American
257,hayje,\N,Boy Lunger,Dutch
412,niemann,\N,Brausch Niemann,South African
843,brendon_hartley,HAR,Brendon Hartley,New Zealander
239,lunger,\N,Brett Lunger,American
422,gubby,\N,Brian Gubby,British
391,hart,\N,Brian Hart,British
205,henton,\N,Brian Henton,British
266,mcguire,\N,Brian McGuire,Australian
484,naylor,\N,Brian Naylor,British
312,redman,\N,Brian Redman,British
778,shawe_taylor,\N,Brian Shawe Taylor,British
506,halford,\N,Bruce Halford,British
471,johnstone,\N,Bruce Johnstone,South African
584,kessler,\N,Bruce Kessler,American
360,mclaren,\N,Bruce McLaren,New Zealander
152,giacomelli,\N,Bruno Giacomelli,Italian
811,bruno_senna,SEN,Bruno Senna,Brazilian
515,tingelstad,\N,Bud Tingelstad,American
655,niday,\N,Cal Niday,American
430,beaufort,\N,Carel Godin de Beaufort,Dutch
767,forberg,\N,Carl Forberg,American
700,scarborough,\N,Carl Scarborough,American
446,abate,\N,Carlo Abate,Italian
325,facetti,\N,Carlo Facetti,Italian
248,gimax,\N,Carlo Franchi,Italian
496,menditeguy,\N,Carlos Menditeguy,Argentine
250,pace,\N,Carlos Pace,Brazilian
199,reutemann,\N,Carlos Reutemann,Argentine
832,sainz,SAI,Carlos Sainz,Spanish
566,shelby,\N,Carroll Shelby,American
770,green,\N,Cecil Green,American
607,perdisa,\N,Cesare Perdisa,Italian
844,leclerc,LEC,Charles Leclerc,Monegasque
819,pic,PIC,Charles Pic,French
801,pozzi,\N,Charles Pozzi,French
735,tornaco,\N,Charles de Tornaco,Belgian
733,miller,\N,Chet Miller,American
622,landi,\N,Chico Landi,Brazilian
192,serra,\N,Chico Serra,Brazilian
278,amon,\N,Chris Amon,New Zealander
505,bristow,\N,Chris Bristow,British
354,craft,\N,Chris Craft,British
388,irwin,\N,Chris Irwin,British
400,lawrence,\N,Chris Lawrence,British
157,danner,\N,Christian Danner,German
104,fittipaldi,\N,Christian Fittipaldi,Brazilian
600,goethals,\N,Christian Goethals,Belgian
32,klien,KLI,Christian Klien,Austrian
27,albers,ALB,Christijan Albers,Dutch
557,arnold,\N,Chuck Arnold,American
507,daigh,\N,Chuck Daigh,American
521,stevenson,\N,Chuck Stevenson,American
563,weyant,\N,Chuck Weyant,American
149,langes,\N,Claudio Langes,Italian
223,regazzoni,\N,Clay Regazzoni,Swiss
645,bucci,\N,Clemar Bucci,Argentine
791,biondetti,\N,Clemente Biondetti,Italian
477,allison,\N,Cliff Allison,British
629,griffith,\N,Cliff Griffith,American
414,puzey,\N,Clive Puzey,Rhodesian
635,chapman,\N,Colin Chapman,British
462,davis,\N,Colin Davis,British
260,andersson,\N,Conny Andersson,Swedish
763,sanesi,\N,Consalvo Sanesi,Italian
190,corrado_fabi,\N,Corrado Fabi,Italian
43,matta,\N,Cristiano da Matta,Brazilian
787,harrison,\N,Cuth Harrison,British
282,magee,\N,Damien Magee,British
71,damon_hill,\N,Damon Hill,British
364,gurney,\N,Dan Gurney,American
817,ricciardo,RIC,Daniel Ricciardo,Australian
826,kvyat,KVY,Daniil Kvyat,Russian
805,kladis,\N,Danny Kladis,American
240,ongais,\N,Danny Ongais,American
193,sullivan,\N,Danny Sullivan,American
293,charlton,\N,Dave Charlton,South African
225,kennedy,\N,Dave Kennedy,Irish
301,morgan,\N,Dave Morgan,British
101,brabham,\N,David Brabham,Australian
416,clapham,\N,David Clapham,South African
14,coulthard,COU,David Coulthard,British
784,hampshire,\N,David Hampshire,British
322,hobbs,\N,David Hobbs,British
747,murray,\N,David Murray,British
542,piper,\N,David Piper,British
407,prophet,\N,David Prophet,British
259,purley,\N,David Purley,British
338,walker,\N,David Walker,Australian
539,dempsey_wilson,\N,Dempsey Wilson,American
742,poore,\N,Dennis Poore,British
571,dennis_taylor,\N,Dennis Taylor,British
304,hulme,\N,Denny Hulme,New Zealander
321,bell,\N,Derek Bell,British
206,daly,\N,Derek Daly,Irish
118,warwick,\N,Derek Warwick,British
228,desire_wilson,\N,Desiré Wilson,South African
636,titterington,\N,Desmond Titterington,British
601,gibson,\N,Dick Gibson,British
537,dick_rathmann,\N,Dick Rathmann,American
202,pironi,\N,Didier Pironi,French
323,quester,\N,Dieter Quester,Austrian
242,galica,\N,Divina Galica,British
93,schiattarella,\N,Domenico Schiattarella,Italian
682,beauman,\N,Don Beauman,British
511,branson,\N,Don Branson,American
614,edmunds,\N,Don Edmunds,American
528,freeland,\N,Don Freeland,American
802,serafini,\N,Dorino Serafini,Italian
411,serrurier,\N,Doug Serrurier,South African
758,lof,\N,Dries van der Lof,Dutch
518,darter,\N,Duane Carter,American
630,dinsmore,\N,Duke Dinsmore,American
699,nalon,\N,Duke Nalon,American
708,duncan_hamilton,\N,Duncan Hamilton,British
596,elisian,\N,Ed Elisian,American
158,cheever,\N,Eddie Cheever,American
56,irvine,\N,Eddie Irvine,British
513,johnson,\N,Eddie Johnson,American
292,keizan,\N,Eddie Keizan,South African
532,russo,\N,Eddie Russo,American
527,sachs,\N,Eddie Sachs,American
431,barth,\N,Edgar Barth,German
748,cantoni,\N,Eitel Cantoni,Uruguayan
173,angelis,\N,Elio de Angelis,Italian
194,salazar,\N,Eliseo Salazar,Chilean
616,george,\N,Elmer George,American
125,naspetti,\N,Emanuele Naspetti,Italian
139,pirro,\N,Emanuele Pirro,Italian
224,emerson_fittipaldi,\N,Emerson Fittipaldi,Brazilian
279,zapico,\N,Emilio Zapico,Spanish
208,villota,\N,Emilio de Villota,Spanish
134,bertaggia,\N,Enrico Bertaggia,Italian
59,bernoldi,\N,Enrique Bernoldi,Brazilian
326,wietzes,\N,Eppie Wietzes,Canadian
688,brandon,\N,Eric Brandon,British
743,thompson,\N,Eric Thompson,British
128,poele,\N,Eric van de Poele,Belgian
443,ernesto_brambilla,\N,Ernesto Brambilla,Italian
467,prinoth,\N,Ernesto Prinoth,Italian
679,mccoy,\N,Ernie McCoy,American
413,pieterse,\N,Ernie Pieterse,South African
450,vos,\N,Ernie de Vos,Dutch
709,klodwig,\N,Ernst Klodwig,East German
718,loof,\N,Ernst Loof,German
716,bauer,\N,Erwin Bauer,German
821,gutierrez,GUT,Esteban Gutiérrez,Mexican
839,ocon,OCO,Esteban Ocon,French
74,tuero,\N,Esteban Tuero,Argentine
503,chimeri,\N,Ettore Chimeri,Venezuelan
608,castellotti,\N,Eugenio Castellotti,Italian
774,chaboud,\N,Eugène Chaboud,French
789,martin,\N,Eugène Martin,French
120,barbazza,\N,Fabrizio Barbazza,Italian
697,bonetto,\N,Felice Bonetto,Italian
13,massa,MAS,Felipe Massa,Brazilian
831,nasr,NAS,Felipe Nasr,Brazilian
4,alonso,ALO,Fernando Alonso,Spanish
116,lagorce,\N,Franck Lagorce,French
36,montagny,FMO,Franck Montagny,French
861,colapinto,COL,Franco Colapinto,Argentinian 
740,comotti,\N,Franco Comotti,Italian
171,forini,\N,Franco Forini,Swiss
762,rol,\N,Franco Rol,Italian
676,armi,\N,Frank Armi,American
451,dochnal,\N,Frank Dochnal,American
380,gardner,\N,Frank Gardner,Australian
327,cevert,\N,François Cevert,French
183,hesnault,\N,François Hesnault,French
348,mazet,\N,François Mazet,French
296,migault,\N,François Migault,French
604,picard,\N,François Picard,French
615,agabashian,\N,Fred Agabashian,American
545,gamble,\N,Fred Gamble,American
693,wacker,\N,Fred Wacker,American
751,riess,\N,Fritz Riess,German
567,orey,\N,Fritz d'Orey,Brazilian
99,tarquini,\N,Gabriele Tarquini,Italian
447,starrabba,\N,Gaetano Starrabba,Italian
150,gary_brabham,\N,Gary Brabham,Australian
473,hocking,\N,Gary Hocking,Rhodesian
60,mazzacane,\N,Gastón Mazzacane,Argentine
534,force,\N,Gene Force,American
520,hartley,\N,Gene Hartley,American
785,crossley,\N,Geoff Crossley,British
490,duke,\N,Geoff Duke,British
209,lees,\N,Geoff Lees,British
725,abecassis,\N,George Abecassis,British
591,george_amick,\N,George Amick,American
726,george_connor,\N,George Connor,American
574,constantine,\N,George Constantine,American
352,eaton,\N,George Eaton,Canadian
332,follmer,\N,George Follmer,American
730,fonder,\N,George Fonder,American
847,russell,RUS,George Russell,British
681,georges_berger,\N,Georges Berger,Belgian
783,grignard,\N,Georges Grignard,French
77,berger,\N,Gerhard Berger,Austrian
423,mitter,\N,Gerhard Mitter,German
583,gerini,\N,Gerino Gerini,Italian
460,ashmore,\N,Gerry Ashmore,British
402,geki,\N,Giacomo Russo,Italian
394,baghetti,\N,Giancarlo Baghetti,Italian
21,fisichella,FIS,Giancarlo Fisichella,Italian
234,brancatelli,\N,Gianfranco Brancatelli,Italian
46,bruni,\N,Gianmaria Bruni,Italian
81,morbidelli,\N,Gianni Morbidelli,Italian
823,garde,VDG,Giedo van der Garde,Dutch
298,lennep,\N,Gijs van Lennep,Dutch
203,gilles_villeneuve,\N,Gilles Villeneuve,Canadian
746,bianco,\N,Gino Bianco,Brazilian
500,munaron,\N,Gino Munaron,Italian
426,bassi,\N,Giorgio Bassi,Italian
220,francia,\N,Giorgio Francia,Italian
45,pantano,\N,Giorgio Pantano,Italian
483,scarlatti,\N,Giorgio Scarlatti,Italian
132,amati,\N,Giovanna Amati,Italian
86,lavaggi,\N,Giovanni Lavaggi,Italian
694,riu,\N,Giovanni de Riu,Italian
543,cabianca,\N,Giulio Cabianca,Italian
289,hill,\N,Graham Hill,British
336,mcrae,\N,Graham McRae,New Zealander
745,graham_whitehead,\N,Graham Whitehead,British
148,foitek,\N,Gregor Foitek,Swiss
855,zhou,ZHO,Guanyu Zhou,Chinese
255,nilsson,\N,Gunnar Nilsson,Swedish
366,hutchison,\N,Gus Hutchison,American
265,edwards,\N,Guy Edwards,British
389,ligier,\N,Guy Ligier,French
764,guy_mairesse,\N,Guy Mairesse,French
291,tunmer,\N,Guy Tunmer,South African
315,larrousse,\N,Gérard Larrousse,French
715,bechem,\N,Günther Bechem,German
445,seiffert,\N,Günther Seiffert,German
246,binder,\N,Hans Binder,Austrian
478,herrmann,\N,Hans Herrmann,German
268,heyer,\N,Hans Heyer,German
753,klenk,\N,Hans Klenk,German
717,hans_stuck,\N,Hans von Stuck,German
233,stuck,\N,Hans-Joachim Stuck,German
434,sharp,\N,Hap Sharp,American
229,ertl,\N,Harald Ertl,Austrian
572,blanchard,\N,Harry Blanchard,American
501,schell,\N,Harry Schell,American
212,rebaque,\N,Hector Rebaque,Mexican
5,kovalainen,KOV,Heikki Kovalainen,Finnish
466,walter,\N,Heini Walter,Swiss
461,schiller,\N,Heinz Schiller,Swiss
49,frentzen,\N,Heinz-Harald Frentzen,German
337,marko,\N,Helmut Marko,Austrian
752,niedermayr,\N,Helmut Niedermayr,German
324,koinigg,\N,Helmuth Koinigg,Austrian
765,louveau,\N,Henri Louveau,French
280,pescarolo,\N,Henri Pescarolo,French
731,banks,\N,Henry Banks,American
481,henry_taylor,\N,Henry Taylor,British
618,mackay-fraser,\N,Herbert MacKay-Fraser,American
691,lang,\N,Hermann Lang,German
624,ramos,\N,Hernando da Silva Ramos,Brazilian
115,noda,\N,Hideki Noda,Japanese
299,fushida,\N,Hiroshi Fushida,Japanese
547,gould,\N,Horace Gould,British
307,ganley,\N,Howden Ganley,New Zealander
365,hahne,\N,Hubert Hahne,German
179,rothengatter,\N,Huub Rothengatter,Dutch
270,ashley,\N,Ian Ashley,British
437,burgess,\N,Ian Burgess,British
420,raby,\N,Ian Raby,British
251,ian_scheckter,\N,Ian Scheckter,South African
707,ian_stewart,\N,Ian Stewart,British
363,giunti,\N,Ignazio Giunti,Italian
253,hoffmann,\N,Ingo Hoffmann,Brazilian
404,ireland,\N,Innes Ireland,British
122,capelli,\N,Ivan Capelli,Italian
549,bueb,\N,Ivor Bueb,British
281,nelleman,\N,Jac Nelleman,Danish
851,aitken,AIT,Jack Aitken,British
356,jack_brabham,\N,Jack Brabham,Australian
862,doohan,DOO,Jack Doohan,Australian
486,fairman,\N,Jack Fairman,British
658,mcgrath,\N,Jack McGrath,American
562,turner,\N,Jack Turner,American
797,holmes,\N,Jackie Holmes,American
453,lewis,\N,Jackie Lewis,British
262,oliver,\N,Jackie Oliver,British
334,pretorius,\N,Jackie Pretorius,South African
328,stewart,\N,Jackie Stewart,British
235,ickx,\N,Jacky Ickx,Belgian
172,laffite,\N,Jacques Laffite,French
650,pollet,\N,Jacques Pollet,French
680,swaters,\N,Jacques Swaters,American
35,villeneuve,VIL,Jacques Villeneuve,Canadian
198,villeneuve_sr,\N,Jacques Villeneuve Sr.,Canadian
153,alguersuari,ALG,Jaime Alguersuari,Spanish
231,hunt,\N,James Hunt,British
759,flinterman,\N,Jan Flinterman,Dutch
136,lammers,\N,Jan Lammers,Dutch
76,magnussen,MAG,Jan Magnussen,Danish
15,trulli,TRU,Jarno Trulli,Italian
463,chamberlain,\N,Jay Chamberlain,American
55,alesi,\N,Jean Alesi,French
554,behra,\N,Jean Behra,French
668,lucas,\N,Jean Lucas,French
552,lucienbonnet,\N,Jean Lucienbonnet,French
96,boullion,\N,Jean-Christophe Boullion,French
98,deletraz,\N,Jean-Denis Délétraz,Swiss
168,schlesser,\N,Jean-Louis Schlesser,French
111,gounon,\N,Jean-Marc Gounon,French
306,beltoise,\N,Jean-Pierre Beltoise,French
219,jabouille,\N,Jean-Pierre Jabouille,French
197,jarier,\N,Jean-Pierre Jarier,French
818,vergne,VER,Jean-Éric Vergne,French
18,button,BUT,Jenson Button,British
659,hoyt,\N,Jerry Hoyt,American
598,jerry_unser,\N,Jerry Unser,American
646,iglesias,\N,Jesús Iglesias,Argentine
373,clark,\N,Jim Clark,British
302,crawford,\N,Jim Crawford,British
440,hall,\N,Jim Hall,American
524,hurtubise,\N,Jim Hurtubise,American
535,mcwithey,\N,Jim McWithey,American
509,rathmann,\N,Jim Rathmann,American
727,rigsby,\N,Jim Rigsby,American
525,bryan,\N,Jimmy Bryan,American
653,davies,\N,Jimmy Davies,American
556,daywalt,\N,Jimmy Daywalt,American
799,jackson,\N,Jimmy Jackson,American
592,reece,\N,Jimmy Reece,American
706,jimmy_stewart,\N,Jimmy Stewart,British
347,bonnier,\N,Jo Bonnier,Swedish
189,gartner,\N,Jo Gartner,Austrian
377,jo_schlesser,\N,Jo Schlesser,French
346,siffert,\N,Jo Siffert,Swiss
303,vonlanthen,\N,Jo Vonlanthen,Swiss
164,joachim_winkelhock,\N,Joachim Winkelhock,German
200,mass,\N,Jochen Mass,German
358,rindt,\N,Jochen Rindt,Austrian
222,scheckter,\N,Jody Scheckter,South African
788,fry,\N,Joe Fry,British
728,james,\N,Joe James,American
776,kelly,\N,Joe Kelly,Irish
696,john_barber,\N,John Barber,British
436,campbell-jones,\N,John Campbell-Jones,British
355,Cannoc,\N,John Cannon,Canadian
372,cordts,\N,John Cordts,Canadian
667,fitch,\N,John Fitch,American
779,john_james,\N,John James,British
340,love,\N,John Love,Rhodesian
357,miles,\N,John Miles,British
300,nicholson,\N,John Nicholson,New Zealander
419,rhodes,\N,John Rhodes,British
685,riseley_prichard,\N,John Riseley-Prichard,British
341,surtees,\N,John Surtees,British
399,taylor,\N,John Taylor,British
187,watson,\N,John Watson,British
593,parsons,\N,Johnnie Parsons,American
594,tolan,\N,Johnnie Tolan,American
533,boyd,\N,Johnny Boyd,American
188,cecotto,\N,Johnny Cecotto,Venezuelan
660,claes,\N,Johnny Claes,Belgian
174,dumfries,\N,Johnny Dumfries,British
65,herbert,\N,Johnny Herbert,British
804,mantz,\N,Johnny Mantz,American
732,mcdowell,\N,Johnny McDowell,American
359,gavin,\N,Johnny Servoz-Gavin,French
512,thomson,\N,Johnny Thomson,American
794,chitwood,\N,Joie Chitwood,American
835,jolyon_palmer,PAL,Jolyon Palmer,British
156,palmer,\N,Jonathan Palmer,British
395,williams,\N,Jonathan Williams,British
672,daponte,\N,Jorge Daponte,Argentine
50,verstappen,\N,Jos Verstappen,Dutch
757,peters,\N,Josef Peters,German
319,dolhem,\N,José Dolhem,French
498,gonzalez,\N,José Froilán González,Argentine
579,fangio,\N,Juan Fangio,Argentine
782,jover,\N,Juan Jover,Spanish
485,bordeu,\N,Juan Manuel Bordeu,Argentine
31,montoya,MON,Juan Pablo Montoya,Colombian
564,larson,\N,Jud Larson,American
824,jules_bianchi,BIA,Jules Bianchi,French
141,bailey,\N,Julian Bailey,British
51,wilson,\N,Justin Wilson,British
109,lehto,\N,Jyrki Järvilehto,Finnish
816,ambrosio,DAM,Jérôme d'Ambrosio,Belgian
155,kobayashi,KOB,Kamui Kobayashi,Japanese
648,kling,\N,Karl Kling,German
91,wendlinger,\N,Karl Wendlinger,Austrian
812,chandhok,CHA,Karun Chandhok,Indian
6,nakajima,NAK,Kazuki Nakajima,Japanese
273,hoshino,\N,Kazuyoshi Hoshino,Japanese
631,andrews,\N,Keith Andrews,American
465,greene,\N,Keith Greene,British
177,keke_rosberg,\N,Keke Rosberg,Finnish
744,downing,\N,Ken Downing,British
582,kavanagh,\N,Ken Kavanagh,Australian
495,ken_miles,\N,Ken Miles,British
781,richardson,\N,Ken Richardson,British
663,wharton,\N,Ken Wharton,British
664,mcalpine,\N,Kenneth McAlpine,British
186,acheson,\N,Kenny Acheson,British
214,cogan,\N,Kevin Cogan,American
825,kevin_magnussen,MAG,Kevin Magnussen,Danish
8,raikkonen,RAI,Kimi Räikkönen,Finnish
272,takahashi,\N,Kunimitsu Takahashi,Japanese
714,adolff,\N,Kurt Adolff,German
379,ahrens,\N,Kurt Ahrens,German
442,kuhnke,\N,Kurt Kuhnke,German
241,leoni,\N,Lamberto Leoni,Italian
651,macklin,\N,Lance Macklin,British
508,reventlow,\N,Lance Reventlow,American
840,stroll,STR,Lance Stroll,Canadian
846,norris,NOR,Lando Norris,British
674,crockett,\N,Larry Crockett,American
256,perkins,\N,Larry Perkins,Australian
766,wallard,\N,Lee Wallard,American
275,lombardi,\N,Lella Lombardi,Italian
678,duncan,\N,Len Duncan,American
536,sutton,\N,Len Sutton,American
316,kinnunen,\N,Leo Kinnunen,Finnish
610,leston,\N,Les Leston,British
790,leslie_johnson,\N,Leslie Johnson,British
665,marr,\N,Leslie Marr,British
683,thorne,\N,Leslie Thorne,British
1,hamilton,HAM,Lewis Hamilton,British
859,lawson,LAW,Liam Lawson,New Zealander
494,ruby,\N,Lloyd Ruby,American
858,sargeant,SAR,Logan Sargeant,American
385,bandini,\N,Lorenzo Bandini,Italian
271,kessel,\N,Loris Kessel,Swiss
589,chiron,\N,Louis Chiron,Monegasque
627,rosier,\N,Louis Rosier,French
69,badoer,BAD,Luca Badoer,Italian
810,grassi,DIG,Lucas di Grassi,Brazilian
54,burti,\N,Luciano Burti,Brazilian
376,bianchi,BIA,Lucien Bianchi,Belgian
375,scarfiotti,\N,Ludovico Scarfiotti,Italian
786,fagioli,\N,Luigi Fagioli,Italian
577,musso,\N,Luigi Musso,Italian
586,piotti,\N,Luigi Piotti,Italian
588,taramazzo,\N,Luigi Taramazzo,Italian
633,villoresi,\N,Luigi Villoresi,Italian
159,sala,\N,Luis Pérez-Sala,Spanish
331,bueno,\N,Luiz Bueno,Brazilian
384,botha,\N,Luki Botha,South African
772,hellings,\N,Mack Hellings,American
181,manfred_winkelhock,\N,Manfred Winkelhock,German
675,ayulo,\N,Manny Ayulo,American
48,gene,\N,Marc Gené,Spanish
176,surer,\N,Marc Surer,Swiss
754,balsa,\N,Marcel Balsa,French
124,apicella,\N,Marco Apicella,Italian
828,ericsson,ERI,Marcus Ericsson,Swedish
551,filippis,\N,Maria de Filippis,Italian
207,mario_andretti,\N,Mario Andretti,American
87,blundell,\N,Mark Blundell,British
288,donohue,\N,Mark Donohue,American
17,webber,WEB,Mark Webber,Australian
28,markus_winkelhock,WIN,Markus Winkelhock,German
613,teague,\N,Marshall Teague,American
84,brundle,\N,Martin Brundle,British
151,donnelly,\N,Martin Donnelly,British
287,hasemi,\N,Masahiro Hasemi,Japanese
97,papis,\N,Massimiliano Papis,Italian
487,natili,\N,Massimo Natili,Italian
418,gregory,\N,Masten Gregory,American
768,rose,\N,Mauri Rose,American
427,trintignant,\N,Maurice Trintignant,French
184,baldi,\N,Mauro Baldi,Italian
127,gugelmin,\N,Maurício Gugelmin,Brazilian
820,chilton,CHI,Max Chilton,British
349,jean,\N,Max Jean,French
830,max_verstappen,VER,Max Verstappen,Dutch
720,terra,\N,Max de Terra,Swiss
492,boffa,\N,Menato Boffa,Italian
121,andretti,\N,Michael Andretti,American
143,bartels,\N,Michael Bartels,German
247,bleekemolen,\N,Michael Bleekemolen,Dutch
480,may,\N,Michael May,Swiss
30,michael_schumacher,MSC,Michael Schumacher,German
277,leclere,\N,Michel Leclère,French
105,alboreto,\N,Michele Alboreto,Italian
854,mick_schumacher,MSC,Mick Schumacher,German
215,guerra,\N,Miguel Ángel Guerra,Argentine
57,hakkinen,\N,Mika Häkkinen,Finnish
63,salo,\N,Mika Salo,Finnish
329,beuttler,\N,Mike Beuttler,British
392,fisher,\N,Mike Fisher,American
305,hailwood,\N,Mike Hailwood,British
472,harris,\N,Mike Harris,South African
578,hawthorn,\N,Mike Hawthorn,British
617,macdowel,\N,Mike MacDowel,British
565,magill,\N,Mike Magill,American
673,nazaruk,\N,Mike Nazaruk,American
387,parkes,\N,Mike Parkes,British
662,sparken,\N,Mike Sparken,French
374,spence,\N,Mike Spence,British
540,mike_taylor,\N,Mike Taylor,British
191,thackwell,\N,Mike Thackwell,New Zealander
283,wilds,\N,Mike Wilds,British
263,kozarowitzky,\N,Mikko Kozarowitzky,Finnish
382,solana,\N,Moisés Solana,Mexican
795,fohr,\N,Myron Fohr,American
432,cabral,\N,Mário de Araújo Cabral,Portuguese
330,galli,\N,Nanni Galli,Italian
144,hattori,\N,Naoki Hattori,Japanese
39,karthikeyan,KAR,Narain Karthikeyan,Indian
439,estefano,\N,Nasif Estéfano,Argentine
800,pagani,\N,Nello Pagani,Italian
137,piquet,\N,Nelson Piquet,Brazilian
12,piquet_jr,PIQ,Nelson Piquet Jr.,Brazilian
410,lederle,\N,Neville Lederle,South African
849,latifi,LAT,Nicholas Latifi,Canadian
2,heidfeld,HEI,Nick Heidfeld,German
807,hulkenberg,HUL,Nico Hülkenberg,German
3,rosberg,ROS,Nico Rosberg,German
78,larini,\N,Nicola Larini,Italian
53,kiesa,\N,Nicolas Kiesa,Danish
95,mansell,\N,Nigel Mansell,British
182,lauda,\N,Niki Lauda,Austrian
853,mazepin,MAZ,Nikita Mazepin,Russian
642,farina,\N,Nino Farina,Italian
425,vaccarella,\N,Nino Vaccarella,Italian
82,fontana,\N,Norberto Fontana,Argentine
274,takahara,\N,Noritake Takahara,Japanese
856,de_vries,DEV,Nyck de Vries,Dutch
860,bearman,BEA,Oliver Bearman,British
106,beretta,\N,Olivier Beretta,Monegasque
482,gendebien,\N,Olivier Gendebien,Belgian
129,grouillard,\N,Olivier Grouillard,French
44,panis,\N,Olivier Panis,French
670,marimon,\N,Onofre Marimón,Argentine
695,galvez,\N,Oscar Gálvez,Argentine
165,larrauri,\N,Oscar Larrauri,Argentine
857,piastri,PIA,Oscar Piastri,Australian
711,karch,\N,Oswald Karch,German
285,stuppacher,\N,Otto Stuppacher,Austrian
638,volonterio,\N,Ottorino Volonterio,Swiss
649,birger,\N,Pablo Birger,Argentine
580,godia,\N,Paco Godia,Spanish
310,driver,\N,Paddy Driver,South African
147,barilla,\N,Paolo Barilla,Italian
169,fabre,\N,Pascal Fabre,French
836,wehrlein,WEH,Pascal Wehrlein,German
813,maldonado,MAL,Pastor Maldonado,Venezuelan
559,flaherty,\N,Pat Flaherty,American
597,connor,\N,Pat O'Connor,American
221,depailler,\N,Patrick Depailler,French
40,friesacher,FRI,Patrick Friesacher,Austrian
236,gaillard,\N,Patrick Gaillard,French
258,neve,\N,Patrick Nève,Belgian
175,tambay,\N,Patrick Tambay,French
108,belmondo,\N,Paul Belmondo,French
585,emery,\N,Paul Emery,British
621,england,\N,Paul England,Australian
632,frere,\N,Paul Frère,Belgian
510,goldsmith,\N,Paul Goldsmith,American
406,hawkins,\N,Paul Hawkins,Australian
756,pietsch,\N,Paul Pietsch,German
555,paul_russo,\N,Paul Russo,American
814,resta,DIR,Paul di Resta,British
142,chaves,\N,Pedro Chaves,Portuguese
64,diniz,\N,Pedro Diniz,Brazilian
83,lamy,\N,Pedro Lamy,Portuguese
345,rodriguez,\N,Pedro Rodríguez,Mexican
37,rosa,DLR,Pedro de la Rosa,Spanish
135,mccarthy,\N,Perry McCarthy,British
353,lovely,\N,Pete Lovely,American
397,arundell,\N,Peter Arundell,British
569,ashdown,\N,Peter Ashdown,British
448,broeker,\N,Peter Broeker,Canadian
581,collins,\N,Peter Collins,British
320,gethin,\N,Peter Gethin,British
721,hirt,\N,Peter Hirt,Swiss
488,monteverdi,\N,Peter Monteverdi,Swiss
309,revson,\N,Peter Revson,American
493,ryan,\N,Peter Ryan,Canadian
661,peter_walker,\N,Peter Walker,British
367,westbury,\N,Peter Westbury,British
687,whitehead,\N,Peter Whitehead,British
362,klerk,\N,Peter de Klerk,South African
576,cade,\N,Phil Cade,American
403,phil_hill,\N,Phil Hill,American
777,parker,\N,Philip Fotheringham-Parker,British
113,adams,\N,Philippe Adams,Belgian
112,alliot,\N,Philippe Alliot,French
166,streiff,\N,Philippe Streiff,French
741,etancelin,\N,Philippe Étancelin,French
160,ghinzani,\N,Piercarlo Ghinzani,Italian
94,martini,\N,Pierluigi Martini,Italian
722,carini,\N,Piero Carini,Italian
544,drogo,\N,Piero Drogo,Italian
760,dusio,\N,Piero Dusio,Italian
634,scotti,\N,Piero Scotti,Italian
641,taruffi,\N,Piero Taruffi,Italian
842,gasly,GAS,Pierre Gasly,French
773,levegh,\N,Pierre Levegh,French
162,raphanel,\N,Pierre-Henri Raphanel,French
361,courage,\N,Piers Courage,British
850,pietro_fittipaldi,FIT,Pietro Fittipaldi,Brazilian
669,bira,\N,Prince Bira,Thai
23,ralf_schumacher,SCH,Ralf Schumacher,German
52,firman,\N,Ralph Firman,Irish
196,boesel,\N,Raul Boesel,Brazilian
561,ray_crawford,\N,Ray Crawford,American
415,reed,\N,Ray Reed,South African
793,sommer,\N,Raymond Sommer,French
517,amick,\N,Red Amick,American
686,reg_parnell,\N,Reg Parnell,British
317,wisell,\N,Reine Wisell,Swedish
489,pirocchi,\N,Renato Pirocchi,Italian
254,zorzi,\N,Renzo Zorzi,Italian
163,arnoux,\N,René Arnoux,French
218,londono,\N,Ricardo Londoño,Colombian
454,ricardo_rodriguez,\N,Ricardo Rodríguez,Mexican
73,rosset,\N,Ricardo Rosset,Brazilian
41,zonta,ZON,Ricardo Zonta,Brazilian
217,zunino,\N,Ricardo Zunino,Argentine
204,paletti,\N,Riccardo Paletti,Italian
119,patrese,\N,Riccardo Patrese,Italian
370,attwood,\N,Richard Attwood,British
308,robarts,\N,Richard Robarts,British
386,ginther,\N,Richie Ginther,American
313,opel,\N,Rikky von Opel,Liechtensteiner
837,haryanto,HAR,Rio Haryanto,Indonesian
469,schroeder,\N,Rob Schroeder,British
458,slotemaker,\N,Rob Slotemaker,Dutch
38,doornbos,DOO,Robert Doornbos,Dutch
9,kubica,KUB,Robert Kubica,Polish
602,la_caze,\N,Robert La Caze,French
626,manzon,\N,Robert Manzon,French
737,obrien,\N,Robert O'Brien,American
499,bonomi,\N,Roberto Bonomi,Argentine
424,bussinello,\N,Roberto Bussinello,Italian
195,guerrero,\N,Roberto Guerrero,Colombian
444,lippi,\N,Roberto Lippi,Italian
833,merhi,MER,Roberto Merhi,Spanish
643,mieres,\N,Roberto Mieres,Argentine
90,moreno,\N,Roberto Moreno,Brazilian
739,charrington,\N,Robin Montgomerie-Charrington,British
378,widdows,\N,Robin Widdows,British
449,ward,\N,Rodger Ward,American
690,nuckey,\N,Rodney Nuckey,British
295,wunderink,\N,Roelof Wunderink,Dutch
736,laurent,\N,Roger Laurent,Belgian
671,loyer,\N,Roger Loyer,French
468,penske,\N,Roger Penske,American
335,williamson,\N,Roger Williamson,British
107,ratzenberger,\N,Roland Ratzenberger,Austrian
243,stommelen,\N,Rolf Stommelen,German
154,grosjean,GRO,Romain Grosjean,French
541,flockhart,\N,Ron Flockhart,British
405,bucknum,\N,Ronnie Bucknum,American
238,peterson,\N,Ronnie Peterson,Swedish
456,salvadori,\N,Roy Salvadori,British
22,barrichello,BAR,Rubens Barrichello,Brazilian
723,fischer,\N,Rudi Fischer,Swiss
710,krause,\N,Rudolf Krause,East German
755,schoeller,\N,Rudolf Schoeller,Swiss
211,keegan,\N,Rupert Keegan,British
29,yamamoto,YAM,Sakon Yamamoto,Japanese
611,hanks,\N,Sam Hanks,American
344,posey,\N,Sam Posey,American
368,tingle,\N,Sam Tingle,Rhodesian
138,satoru_nakajima,\N,Satoru Nakajima,Japanese
26,speed,SPE,Scott Speed,American
20,vettel,VET,Sebastian Vettel,German
845,sirotkin,SIR,Sergey Sirotkin,Russian
644,mantovani,\N,Sergio Mantovani,Italian
815,perez,PER,Sergio Pérez,Mexican
75,nakano,\N,Shinji Nakano,Japanese
523,templeman,\N,Shorty Templeman,American
216,stohr,\N,Siegfried Stohr,Italian
351,moser,\N,Silvio Moser,Swiss
342,barber,\N,Skip Barber,American
201,borgudd,\N,Slim Borgudd,Swedish
185,bellof,\N,Stefan Bellof,German
140,johansson,\N,Stefan Johansson,Swedish
131,modena,\N,Stefano Modena,Italian
226,south,\N,Stephen South,British
475,moss,\N,Stirling Moss,British
838,vandoorne,VAN,Stoffel Vandoorne,Belgian
590,lewis-evans,\N,Stuart Lewis-Evans,British
72,sarrazin,\N,Stéphane Sarrazin,French
474,vyver,\N,Syd van der Vyver,South African
7,bourdais,BOU,Sébastien Bourdais,French
67,buemi,BUE,Sébastien Buemi,Swiss
89,inoue,\N,Taki Inoue,Japanese
11,sato,SAT,Takuma Sato,Japanese
58,marques,\N,Tarso Marques,Brazilian
652,whiteaway,\N,Ted Whiteaway,British
269,pilette,\N,Teddy Pilette,Belgian
170,fabi,\N,Teo Fabi,Italian
713,fitzau,\N,Theo Fitzau,East German
692,helfrich,\N,Theo Helfrich,German
123,boutsen,\N,Thierry Boutsen,Belgian
452,monarch,\N,Thomas Monarch,American
33,monteiro,TMO,Tiago Monteiro,Portuguese
227,needell,\N,Tiff Needell,British
441,parnell,\N,Tim Parnell,British
314,schenken,\N,Tim Schenken,Australian
470,mayer,\N,Timmy Mayer,American
10,glock,GLO,Timo Glock,German
311,belso,\N,Tom Belsø,Danish
605,bridger,\N,Tom Bridger,British
393,tom_jones,\N,Tom Jones,American
252,pryce,\N,Tom Pryce,British
210,byrne,\N,Tommy Byrne,Irish
61,enge,\N,Tomáš Enge,Czech
780,branca,\N,Toni Branca,Swiss
724,ulmen,\N,Toni Ulmen,German
529,bettenhausen,\N,Tony Bettenhausen,American
294,brise,\N,Tony Brise,British
479,brooks,\N,Tony Brooks,British
705,crook,\N,Tony Crook,British
738,gaze,\N,Tony Gaze,Australian
408,maggs,\N,Tony Maggs,South African
459,marsh,\N,Tony Marsh,British
666,rolt,\N,Tony Rolt,British
438,settember,\N,Tony Settember,American
464,shelly,\N,Tony Shelly,New Zealander
245,trimmer,\N,Tony Trimmer,British
68,takagi,\N,Toranosuke Takagi,Japanese
297,palm,\N,Torsten Palm,Swedish
126,toshio_suzuki,\N,Toshio Suzuki,Japanese
640,graffenried,\N,Toulo de Graffenried,Swiss
677,webb,\N,Travis Webb,American
409,blokdyk,\N,Trevor Blokdyk,South African
401,trevor_taylor,\N,Trevor Taylor,British
526,ruttman,\N,Troy Ruttman,American
79,katayama,\N,Ukyo Katayama,Japanese
620,maglioli,\N,Umberto Maglioli,Italian
822,bottas,BOT,Valtteri Bottas,Finnish
267,schuppan,\N,Vern Schuppan,Australian
350,elford,\N,Vic Elford,British
398,vic_wilson,\N,Vic Wilson,British
80,sospiri,\N,Vincenzo Sospiri,Italian
808,petrov,PET,Vitaly Petrov,Russian
24,liuzzi,LIU,Vitantonio Liuzzi,Italian
230,brambilla,\N,Vittorio Brambilla,Italian
161,weidler,\N,Volker Weidler,German
796,ader,\N,Walt Ader,American
771,walt_brown,\N,Walt Brown,American
654,faulkner,\N,Walt Faulkner,American
433,hansgen,\N,Walt Hansgen,American
286,brown,\N,Warwick Brown,Australian
530,weiler,\N,Wayne Weiler,American
829,stevens,STE,Will Stevens,British
712,heeks,\N,Willi Heeks,German
435,mairesse,\N,Willy Mairesse,Belgian
290,wilson_fittipaldi,\N,Wilson Fittipaldi,Brazilian
455,seidel,\N,Wolfgang Seidel,German
476,trips,\N,Wolfgang von Trips,German
114,dalmas,\N,Yannick Dalmas,French
34,ide,IDE,Yuji Ide,Japanese
852,tsunoda,TSU,Yuki Tsunoda,Japanese
704,cabantous,\N,Yves Cabantous,French
47,baumgartner,\N,Zsolt Baumgartner,Hungarian
625,bayol,\N,Élie Bayol,French
103,bernard,\N,Éric Bernard,French
100,comas,\N,Érik Comas,French
806,oscar_gonzalez,\N,Óscar González,Uruguayan
